{
    "accuracy": 0.7541217936166047,
    "precision": 0.2303329822571498,
    "recall": 0.481864406779661,
    "f1": 0.3116811927862742,
    "roc_auc": 0.7036386644803247,
    "threshold": 0.5799999999999997
}